feature,group,n_obs,pearson_r,spearman_r,mutual_info
credit_total_inc_fin_yoy_growth_sa_lag_3,lag,53,0.4979091059154354,0.6227381478088978,0.4742787681308176
credit_total_inc_fin_yoy_growth_sa_lag_2,lag,54,0.5326101160163426,0.6392780263751384,0.43369127858513434
credit_total_inc_fin_yoy_growth_sa_lag_1,lag,55,0.5252248134693014,0.6198645183551965,0.39245381032576443
credit_total_inc_fin_yoy_growth_sa,level,56,0.517116953955661,0.6038191057049755,0.3615447082534984
credit_total_inc_fin_sa,level,68,0.13520867400477815,0.21419863415306087,0.297759818067433
agb_yield_10y_diff_12,change,125,0.6297182784011336,0.5502803977766463,0.2932728583855244
credit_business_inc_fin_sa,level,68,0.10202846278627706,0.21315220921985772,0.2894290481751307
wpi_total_hourly_excl_bonuses_all_sectors_sa_lag_12,lag,295,0.054556060061133574,0.015991951181685723,0.25769459852755117
business_conditions_roll_6_max,rolling,311,0.2987105373574762,0.36775281692737805,0.234904346851611
agb_yield_10y_roll_3_max,rolling,135,0.2838473639140789,0.29992758928904745,0.2280081653352044
xmj,level,139,0.36399602229258476,0.34885271676685364,0.22470806261723997
wpi_total_hourly_excl_bonuses_all_sectors_sa_lag_1,lag,306,0.0560868530771487,0.02838402114198054,0.21637325315538214
wpi_total_hourly_excl_bonuses_all_sectors_sa_lag_6,lag,301,0.058462469800106207,0.027283805934663834,0.21383660719784525
wpi_total_hourly_excl_bonuses_all_sectors_sa_lag_3,lag,304,0.056823084204011456,0.027444875128082902,0.21188945179120844
wpi_total_hourly_excl_bonuses_all_sectors_sa,level,307,0.055857147699515934,0.02806424245416108,0.2106185912964087
trimmed_mean_index_lag_12,lag,349,0.029735154636756262,0.040474280808592666,0.21031186358387588
tvd_dwelling_count_thousand,level,152,0.34032117595813494,0.33309903829194165,0.20857383805943663
trimmed_mean_index_roll_6_max,rolling,356,0.03507665867846318,0.04121513302471862,0.20797925865246047
trimmed_mean_index_roll_3_mean,rolling,359,0.043184392607798515,0.05100017058244725,0.20639320675554784
wpi_total_hourly_excl_bonuses_public_sa,level,307,0.05799056987446518,0.02806424245416108,0.20412522056213267
wpi_total_hourly_excl_bonuses_all_sectors_sa_lag_2,lag,305,0.05794618401833472,0.02945470944587298,0.20332587259640578
trimmed_mean_index_roll_6_min,rolling,356,0.029832581576213487,0.04071501118486999,0.20280801174293717
housing_median_price_attached_melbourne_aud_thousand,level,240,0.13023485499762688,0.08656900748000292,0.20260478477967103
weighted_median_index,level,361,0.04225027432992484,0.051167029496023454,0.2023513137152544
wpi_total_hourly_excl_bonuses_private_sa,level,307,0.05530054730543768,0.027999483383527958,0.20174444037659378
trimmed_mean_index_roll_3_ewma,rolling,361,0.04312928196638024,0.050668513951189674,0.201571242556712
trimmed_mean_index_roll_12_max,rolling,350,0.035879602188890504,0.041582415704178394,0.20138638753478744
trimmed_mean_index_roll_3_max,rolling,359,0.04483506092394368,0.051440209691167985,0.20079894047518243
trimmed_mean_index_roll_6_mean,rolling,356,0.03201249164446919,0.040641810794189506,0.2006887616390367
trimmed_mean_index_roll_6_ewma,rolling,361,0.041924992605866906,0.050668513951189674,0.20002552784891936
trimmed_mean_index_roll_12_mean,rolling,350,0.031199589577090195,0.040994224779066946,0.2000218859973113
headline_cpi_index_roll_3_mean,rolling,359,0.04255082765223972,0.04926556786172044,0.1989595862802711
trimmed_mean_index_lag_6,lag,355,0.02983666386941075,0.04087541813679614,0.19766258496236033
headline_cpi_index_roll_12_mean,rolling,350,0.029942855607860818,0.04053515318792674,0.19730415765094156
housing_median_price_house_adelaide_aud_thousand,level,246,0.1295564908254917,0.04164613958171047,0.1965989480192074
headline_cpi_index_roll_12_max,rolling,350,0.036130548218588784,0.040861160047123875,0.19560953985029528
trimmed_mean_index_roll_12_ewma,rolling,361,0.040924739255014005,0.050668513951189674,0.19519920580836203
headline_cpi_index_roll_12_ewma,rolling,361,0.039913606939862484,0.0506738841127758,0.19482872132449436
headline_cpi_index_roll_6_mean,rolling,356,0.030873435848933758,0.039383608904472824,0.19433490004796172
credit_total_inc_fin_yoy_growth_sa_lag_6,lag,50,0.36437047103555464,0.4362120511402708,0.19406907284100883
trimmed_mean_index_roll_12_min,rolling,350,0.03041883469711091,0.04186493196830499,0.1939905821956287
headline_cpi_index_roll_6_max,rolling,356,0.03530518201569672,0.040055071551670186,0.1937887906192559
headline_cpi_index_roll_6_ewma,rolling,361,0.041152966237370685,0.04951340951711638,0.1930730094778903
credit_investor_housing_sa,level,363,0.054008286494077684,0.05919985914975953,0.19176659868219414
trimmed_mean_index,level,361,0.04446418238345399,0.051167029496023454,0.19145060093774346
agb_yield_10y,level,137,0.2920783743939543,0.30774688852951027,0.1912563137896648
trimmed_mean_index_lag_3,lag,358,0.042096746855757615,0.05175790512642069,0.19075299685485114
headline_cpi_index,level,361,0.04506261950927707,0.04906468179020745,0.19059864483712308
housing_median_price_house_hobart_aud_thousand,level,246,0.20035996816379814,0.08739092788823102,0.1900302526997475
headline_cpi_index_roll_3_ewma,rolling,361,0.042813470449347656,0.048995275539564904,0.18910048390594647
headline_cpi_index_roll_3_max,rolling,359,0.04520004088211586,0.04977735162759996,0.18492367248164987
housing_median_price_attached_hobart_aud_thousand,level,240,0.22978752118744272,0.1152547903981392,0.18463862698297584
housing_median_price_house_canberra_aud_thousand,level,246,0.19749043803082458,0.06724730831107767,0.18423252444339044
agb_yield_10y_roll_12_max,rolling,126,0.20110555624883555,0.24010964853035516,0.18375901298211228
trimmed_mean_index_lag_2,lag,359,0.04161922807107886,0.050849550701986136,0.18288287669443304
headline_cpi_index_lag_1,lag,360,0.04188137045650951,0.047991929783212296,0.1823153027984168
housing_median_price_attached_brisbane_aud_thousand,level,240,0.07645557828387789,0.07535936116100582,0.18077614819319598
headline_cpi_index_lag_2,lag,359,0.04012221375856785,0.04881447222742707,0.18032040709987385
agb_yield_2y,level,133,0.3066818163506396,0.3391687370919235,0.18030145130917963
trimmed_mean_index_roll_3_min,rolling,359,0.041619664229974325,0.05080089849780132,0.18024929857339012
housing_median_price_attached_adelaide_aud_thousand,level,240,0.11565701440264932,0.07384898393381176,0.1795923361669658
headline_cpi_index_lag_12,lag,349,0.029095283120913352,0.04120054788527049,0.17881061580168622
trimmed_mean_index_lag_1,lag,360,0.04289841133507891,0.05049417199189836,0.17836314638270268
gdp_nominal_current_prices_sa,level,360,0.06250441262497482,0.04819222919565332,0.1769387124290247
headline_cpi_index_roll_3_min,rolling,359,0.04036028840147797,0.04847024816614816,0.17692477323353972
building_approvals_dwellings_other_nsa_age_days,staleness,364,0.06140041838348718,0.06147365548468467,0.1753568390229956
credit_owner_occupier_housing_sa,level,363,0.06507906947513142,0.05992602556784106,0.17434735297299953
agb_yield_3y,level,133,0.3362970092341009,0.3617838727324101,0.1740010259628728
headline_cpi_index_roll_6_min,rolling,356,0.028321674913761266,0.038609597198389516,0.17296719571022345
agb_yield_2y_lag_1,lag,132,0.25528032559246644,0.30477596302737775,0.1707333551139596
gdp_real_chain_volume_sa,level,360,0.0449082285172516,0.05088044776786211,0.16961632476998467
headline_cpi_index_roll_12_min,rolling,350,0.029823595684011987,0.041310455809759575,0.16866749255174018
agb_yield_10y_roll_6_max,rolling,132,0.2608851443671159,0.2758555880939722,0.16631696685965802
headline_cpi_index_lag_6,lag,355,0.028180801517330763,0.038702081914461665,0.164837122561039
headline_cpi_index_lag_3,lag,358,0.04086172467200327,0.049775770401702175,0.16464018563050686
housing_transfer_count_house_adelaide,level,246,0.2749526722650258,0.34553213690482015,0.1603775280872899
business_conditions_roll_6_min,rolling,311,0.26740417318248244,0.32948238851319667,0.15931969899519283
owner_occupier_housing_debt_to_income,level,359,0.04011662625946041,0.07425549399503585,0.15797050233078225
agb_yield_5y,level,133,0.34063383847840595,0.3583232272028652,0.15752964797479674
consumer_sentiment,level,174,-0.19212259563235146,-0.1414796795181905,0.15596162097435218
tvd_mean_price_aud_thousand,level,152,0.41252400759421365,0.3798541782787224,0.15497479396396874
agb_yield_2y_lag_12,lag,121,-0.2953675097554853,-0.2609040788379822,0.15415108372259012
consumer_sentiment_roll_3_ewma,rolling,174,-0.15373098799432894,-0.10005442090347676,0.15412817519630662
agb_yield_10y_roll_12_std,rolling,126,0.43106368086063346,0.20709498399413326,0.1537861922262398
housing_transfer_count_attached_perth,level,240,0.34344225806282136,0.33697430967258385,0.15281064010838952
housing_debt_to_income,level,359,0.01970853178206919,0.070251019927775,0.1527723874400524
housing_median_price_house_brisbane_aud_thousand,level,246,0.14750725795212538,0.05190148601032958,0.15083076418325336
business_conditions_roll_3_max,rolling,314,0.3958332535364232,0.4213920126509306,0.15003904748186536
gdp_per_capita_real_chain_volume_sa,level,360,0.03115672577359774,0.0635071351711651,0.14905384761701468
unemployment_rate_sa_roll_12_max,rolling,352,0.07890387328147114,-0.05783752633587269,0.14796566236743325
housing_median_price_attached_canberra_aud_thousand,level,240,0.18328318251698486,0.06926891877543655,0.14743083174773552
agb_yield_10y_roll_3_mean,rolling,135,0.26382943343261644,0.2775542735678878,0.1469355176290139
housing_transfer_count_house_perth,level,246,0.328580456939829,0.3153965439085998,0.1458208482384784
unemployment_rate_sa_roll_12_min,rolling,352,0.01561938319735158,-0.10493903114650345,0.14273273383055596
commodity_prices_all_with_spot_sdr,level,185,0.37547036706915055,0.28216456647743227,0.14242809047394256
housing_median_price_house_adelaide_aud_thousand_pct_3,change,243,0.23516028100835085,0.27434765134498984,0.1421615778370755
housing_median_price_house_melbourne_aud_thousand,level,246,0.1496469084231338,0.06770437142633738,0.14198874441140097
xjr,level,139,0.3814676374699869,0.36869169197957513,0.14121435698917284
agb_yield_10y_roll_6_ewma,rolling,137,0.1984080506694162,0.21931830404061226,0.13549795615781313
housing_transfer_count_attached_adelaide,level,240,0.3324768904802409,0.36151880350992543,0.1345307512380689
business_conditions_roll_12_min,rolling,305,0.15392513476619618,0.20135892260891622,0.1341458781781797
consumer_sentiment_roll_3_mean,rolling,172,-0.1791778420418139,-0.11537110830230976,0.13296528202792968
housing_price_index_rppi_legacy_8cap_pct_3,change,237,0.2259324806358666,0.23320042525076176,0.13082465655668285
housing_transfer_count_house_darwin,level,246,0.11699471232579944,0.19218508023880979,0.1296861030932963
housing_transfer_count_house_canberra,level,246,0.12772498253566014,0.15354567197123214,0.12769727244397355
agb_yield_10y_roll_3_ewma,rolling,137,0.25938154455486173,0.2739218053425889,0.1274056256282985
business_conditions_roll_3_min,rolling,314,0.3578135191771178,0.40710450923946107,0.12609033178740892
agb_yield_10y_roll_3_min,rolling,135,0.23780721137210065,0.2681342494727458,0.12572160603506388
agb_yield_10y_lag_1,lag,136,0.2613960509090857,0.2841359112582854,0.12506577629977556
housing_median_price_attached_darwin_aud_thousand,level,240,0.0056923039840736395,-0.010844147620795554,0.12477701269023411
consumer_sentiment_roll_12_mean,rolling,163,-0.08920782405486774,-0.09043470734450207,0.12453171883705094
housing_median_price_house_perth_aud_thousand_pct_3,change,243,0.22564588685647657,0.23460392105829025,0.12388650107395094
unemployment_rate_sa_roll_12_ewma,rolling,363,-0.007325272492286005,-0.10698947920699688,0.1236230086860941
consumer_sentiment_roll_12_min,rolling,163,-0.2109341656133755,-0.16481852347569315,0.12255658495836785
housing_median_price_house_perth_aud_thousand,level,246,0.03811378981592553,0.08439327720652393,0.12191420820626586
consumer_sentiment_diff_12,change,162,-0.31967178222753256,-0.23334142023193483,0.12173656917022835
aud_usd_roll_12_max,rolling,353,-0.13764469679057467,-0.12210466289209453,0.12105879982808143
business_conditions_roll_12_max,rolling,305,0.19149448379453726,0.22978143963945763,0.12064805805767853
agb_yield_10y_roll_6_min,rolling,132,0.15583383343113943,0.2032085251866095,0.12042257318655403
housing_price_index_rppi_legacy_8cap,level,240,0.180141646859949,0.09662349030595825,0.11962161864645227
credit_total_legacy_sa,level,363,0.026840068117014546,0.05201481146914132,0.11739092566997944
housing_transfer_count_attached_melbourne,level,240,0.19114619602639943,0.19474074227835703,0.11729613783015447
housing_transfer_count_house_melbourne,level,246,0.19414364765354086,0.23426149280497308,0.1169670259125204
housing_transfer_count_house_sydney,level,246,0.1556103524320838,0.1536912247490307,0.1161359432530027
consumer_sentiment_roll_3_min,rolling,172,-0.1921099848540035,-0.1379184400342716,0.11607418092786093
consumer_sentiment_roll_6_ewma,rolling,174,-0.09878812303331945,-0.06844755039408436,0.11594464825178119
housing_median_price_attached_sydney_aud_thousand,level,240,0.13345060399717718,0.08068747569883022,0.11580213944968643
consumer_sentiment_lag_1,lag,173,-0.14660523922801635,-0.10069870858788775,0.11470334195077725
housing_median_price_house_melbourne_aud_thousand_pct_3,change,243,0.06254169976310997,0.08723795421818387,0.1146003787415748
agb_yield_10y_roll_6_std,rolling,132,0.3472666847153912,0.21080291009598406,0.11310865593980157
business_conditions_roll_12_ewma,rolling,316,0.28207622312752756,0.31670283415228906,0.11132918459415975
housing_median_price_house_brisbane_aud_thousand_pct_6,change,240,0.26378274847052385,0.25524559496012206,0.11044961695587063
housing_median_price_house_adelaide_aud_thousand_pct_6,change,240,0.26752486901482725,0.2700353576217994,0.10992101773726826
commodity_prices_non_rural_sdr,level,364,0.05681286024215282,0.03561481088162822,0.10957087596897752
housing_transfer_count_attached_brisbane,level,240,0.33337492542477226,0.3461289700994308,0.10879758970677078
housing_transfer_count_house_hobart,level,246,0.10155624250922025,0.104718382047952,0.1083643166961985
household_debt_to_income,level,359,0.012079895302171996,0.05131062195090301,0.10742006841567941
underemployment_rate_sa,level,363,-0.0901213887596571,-0.20891842189556703,0.1071845375764886
agb_yield_10y_lag_12,lag,125,-0.1976218626925462,-0.15170527569094444,0.10716411776329315
business_conditions_lag_1,lag,315,0.36376110454451904,0.3880780951879092,0.10689914281371005
housing_median_price_house_perth_aud_thousand_pct_12,change,234,0.1715344515061404,0.2799292501447064,0.10603046421714746
agb_yield_10y_roll_6_mean,rolling,132,0.213025326814387,0.23788878172200162,0.10578123506069614
housing_transfer_count_attached_darwin,level,240,0.04970114633120295,0.11684744858562947,0.10488937966689704
aud_usd_roll_6_max,rolling,359,-0.11788997866742702,-0.09206019630663803,0.10317093576430136
consumer_sentiment_roll_6_min,rolling,169,-0.2309202730458969,-0.1658395154109748,0.10099824239030952
business_conditions_roll_6_mean,rolling,311,0.32422392676957623,0.3628987917496081,0.10076244894676911
rate_change_bps_lag_1,lag,363,0.4063801815909045,0.39107503723285836,0.10031980872249086
business_conditions_lag_2,lag,314,0.3407295875111298,0.3956267107759648,0.09948291756283112
credit_business_legacy_sa_age_days,staleness,363,0.1398732493875468,0.08596513513634862,0.09940631763799956
credit_total_legacy_sa_age_days,staleness,363,0.1398732493875468,0.08596513513634862,0.09940631763799956
credit_total_yoy_growth_legacy_sa_age_days,staleness,363,0.1398732493875468,0.08596513513634862,0.09940631763799956
housing_transfer_count_house_brisbane,level,246,0.3232483362789894,0.2921219442454938,0.0991039251229009
housing_median_price_house_brisbane_aud_thousand_pct_12,change,234,0.19885567559262712,0.24946617411459288,0.09765219653671386
unemployment_rate_sa_roll_12_mean,rolling,352,0.0449716611151432,-0.08174270195656218,0.09683309670463625
agb_yield_10y_roll_12_min,rolling,126,-0.021367264084837145,0.033572560810650194,0.0962425323995253
unemployment_rate_sa_roll_6_mean,rolling,358,-0.005897386214527004,-0.10844476476955334,0.09620721995465953
trimmed_mean_index_roll_6_std,rolling,356,0.16775344413104176,0.186200547946548,0.09486652044359523
xej,level,139,0.09701151629748088,0.12742395658300873,0.09470876837023301
agb_yield_10y_diff_6,change,131,0.5224250573929065,0.4062640225356806,0.09467063833467382
rate_change_bps_lag_2,lag,362,0.45280815001548747,0.3422508100864479,0.09252341633819777
xjo_roll_6_max,rolling,359,0.05768790165246809,0.09164408099608364,0.09175245038610891
business_conditions_roll_3_mean,rolling,314,0.38933506564302767,0.4170182469995193,0.0915703729487467
commodity_prices_all_with_spot_aud,level,185,0.38489898712403053,0.2714283979944067,0.09013043417313638
bbsw_3m_lag_12,lag,352,-0.20541873574746722,-0.12914691240274004,0.08969808316932881
credit_business_legacy_sa,level,363,0.007898567095606076,0.03876171040877232,0.08907110133900131
unemployment_rate_sa_roll_3_min,rolling,361,-0.022479672041916615,-0.12796773977267198,0.0889115281416406
unemployment_rate_sa_roll_6_min,rolling,358,-0.01245399062555651,-0.11658054696106143,0.0887965500687149
business_conditions_roll_3_ewma,rolling,316,0.3951732267205787,0.4174282007206957,0.08836431617938967
participation_rate_sa,level,363,0.039870775719817626,0.06390495036726672,0.08807499500022886
commodity_prices_rural_aud,level,364,0.1265649578053563,0.04288191794000711,0.08746476737099051
housing_median_price_house_melbourne_aud_thousand_pct_6,change,240,0.18794072742233775,0.16012840652305702,0.0873073836114504
housing_transfer_count_attached_hobart,level,240,0.20783396250895586,0.1607705359978824,0.08717981190270563
consumer_sentiment_roll_12_ewma,rolling,174,-0.03268077396647232,-0.03962171634348974,0.08710955153512145
trimmed_mean_index_yoy_pct,change,349,0.0826077099053611,0.22812770803635543,0.08707354107951404
building_approvals_private_dwellings_trend,level,364,0.1786080302211832,0.15526167894859993,0.086762302013627
aud_twi_roll_12_max,rolling,353,-0.12143878328767062,-0.03157565712623554,0.08671970325418354
unemployment_rate_sa_lag_12,lag,351,0.08973742299848357,-0.040641652408804636,0.08653661770529508
rate_change_bps_lag_3,lag,361,0.2869864853885884,0.33218120090593256,0.08643947455934163
aud_twi_roll_12_min,rolling,353,-0.05060339298324159,-0.049778880549414505,0.08589736304029594
housing_price_index_rppi_legacy_8cap_pct_6,change,234,0.2598189365776555,0.24775636287315553,0.08584426444444992
business_conditions_roll_6_ewma,rolling,316,0.35392618370666373,0.3825060012419839,0.08553188747912799
commodity_prices_non_rural_aud,level,364,0.05268826359669701,0.03789991470405348,0.0853557797793898
business_conditions,level,316,0.4076171330817605,0.42730424418854934,0.08505417294158946
aud_usd_lag_6,lag,358,-0.1627836357791926,-0.12026585473243079,0.08462168738470077
aud_usd_roll_12_min,rolling,353,-0.08562189739407809,-0.10874416561517251,0.0843590881514602
commodity_prices_all_aud,level,364,0.06401029978635858,0.04064334213887272,0.08397173889600107
commodity_prices_all_with_spot_usd,level,185,0.3199185706181533,0.27637828500366457,0.08356675871895769
commodity_prices_rural_sdr,level,364,0.12410265425318967,0.056297104157978735,0.08332986161461586
headline_cpi_index_yoy_pct,change,349,0.04368964773673179,0.1216822560130198,0.08299128122071608
unemployment_rate_sa_roll_3_mean,rolling,361,-0.02313989290887214,-0.13090770266994295,0.08170003360676104
commodity_prices_all_sdr,level,364,0.06745672336678903,0.042663936586056515,0.08138671391079133
consumer_sentiment_diff_3,change,171,-0.24994744902159965,-0.21518230831493593,0.08088758343346836
agb_yield_2y_lag_6,lag,127,-0.05016666442069604,0.009617417389308406,0.07987458025995453
business_conditions_roll_12_std,rolling,305,-0.047123573458684016,0.03111555620589178,0.0796077814560503
credit_total_inc_fin_yoy_growth_sa_lag_12,lag,44,-0.2533076226406113,-0.1659175791487265,0.07954658378880874
unemployment_rate_sa_roll_6_max,rolling,358,0.007032267749368587,-0.09696722088084182,0.07811020735570673
unemployment_rate_sa_lag_3,lag,360,0.0032607385694874815,-0.09411789199319498,0.07753423070180898
aud_usd_roll_3_min,rolling,362,-0.011869500570626385,-0.025674060665019843,0.07736992654975805
xjo_roll_6_mean,rolling,359,0.06981446217490955,0.09334043862883787,0.07595030712230355
unemployment_rate_sa_roll_3_max,rolling,361,-0.024201045454261178,-0.12893716064987665,0.07534421191741658
housing_median_price_house_sydney_aud_thousand,level,246,0.1865730040996868,0.05409889362432208,0.07485047479460327
xjo_roll_12_mean,rolling,353,0.03896243285600286,0.06370681939258978,0.07477542736440124
xjo_yoy_pct,change,352,0.21631953076622326,0.0945817169486044,0.07359858067188019
unemployment_rate_sa_diff_6,change,357,-0.23765900788343883,-0.3037643209289279,0.07351642367792866
aud_usd_lag_1,lag,363,-0.026528019997508305,-0.03329583815242044,0.07342045185723833
aud_twi_roll_6_max,rolling,359,-0.09426250180851867,0.005451578892764188,0.07295742398457183
aud_cny_pct_12,change,352,0.3801400359515149,0.27763870161404913,0.0724232995479579
consumer_sentiment_diff_6,change,168,-0.32861849631981616,-0.2896138979542517,0.07240883124730124
building_approvals_value_non_residential_aud_thousand_nsa,level,364,0.05949851359250027,0.0752477709511884,0.07193269668476332
housing_median_price_house_brisbane_aud_thousand_pct_3,change,243,0.2504268550546677,0.2733707853524664,0.071744037719907
trimmed_mean_index_roll_3_std,rolling,359,0.18749695422090468,0.197012057856314,0.07163669648685955
iron_ore_spot,level,364,0.027211075468365844,0.01412830832183643,0.07138657294091999
agb_yield_2y_lag_3,lag,130,0.15449950421227118,0.1903699706346886,0.07081759433142087
housing_median_price_house_darwin_aud_thousand,level,246,0.04681179822095591,0.07091669232757167,0.07059152627851861
headline_cpi_index_roll_3_std,rolling,359,0.2099243349833388,0.22552203178872182,0.07027128479129674
weighted_median_index_yoy_pct,change,349,0.056429265275261,0.24718766522644697,0.07008468965416514
unemployment_rate_sa_lag_1,lag,362,-0.020621386320659702,-0.12906654795690795,0.07001815788491839
housing_median_price_house_sydney_aud_thousand_pct_6,change,240,0.16474332843743966,0.13656808308981758,0.06945228717761465
headline_cpi_index_roll_6_std,rolling,356,0.15937701228725684,0.17792636403707585,0.06926169294912254
household_debt_to_income_age_days,staleness,359,-0.035508929527367374,-0.09387480903255005,0.06912309497239177
housing_debt_to_income_age_days,staleness,359,-0.035508929527367374,-0.09387480903255005,0.06912309497239177
owner_occupier_housing_debt_to_income_age_days,staleness,359,-0.035508929527367374,-0.09387480903255005,0.06912309497239177
unemployment_rate_sa_roll_6_ewma,rolling,363,-0.02760599271162497,-0.12383730335298976,0.06869427959271035
aud_twi_roll_6_zscore,rolling,359,0.20106134099564926,0.22164407211527362,0.06853169037326134
aud_usd_roll_12_zscore,rolling,353,0.24752900049565826,0.23993404124301376,0.06827359543441047
commodity_prices_rural_usd,level,364,0.10249049106862824,0.06855858045914369,0.06822133082023929
consumer_sentiment_roll_6_max,rolling,169,-0.12212795158867527,-0.07397481803902063,0.06782751345842097
business_conditions_lag_3,lag,313,0.28278522703562914,0.3450828312216214,0.06764065939152286
aud_usd_roll_6_min,rolling,359,-0.031969788087017344,-0.04487502054306822,0.06758938242236989
housing_price_index_rppi_legacy_8cap_yoy_pct,change,228,0.2269367140847873,0.23393898888917689,0.06727060885966196
aud_eur,level,295,0.105207664438903,0.08247654296021244,0.06698005160111742
aud_twi_roll_12_mean,rolling,353,-0.11855049152302512,-0.054961566957379825,0.06634438018200428
xjo_roll_6_min,rolling,359,0.08894560425965573,0.10415576543115239,0.06628631976910282
headline_cpi_index_roll_12_zscore,rolling,350,0.15111739724789658,0.28451150623903715,0.06588052966887958
xjo_roll_12_min,rolling,353,0.0681633861599898,0.07665089059024327,0.06438472956696883
aud_twi_roll_3_max,rolling,362,-0.016799559861550267,0.051045155966262364,0.06375591619743393
commodity_prices_bulk_spot_aud,level,185,0.35553859682090944,0.2902079305936346,0.06370076083731724
housing_median_price_house_adelaide_aud_thousand_pct_12,change,234,0.16364291993360747,0.25373964346310357,0.0636349692941931
aud_usd_roll_12_mean,rolling,353,-0.1430296720325192,-0.12660574278305653,0.06293744665049927
commodity_prices_bulk_export_sdr,level,364,0.012971887397494246,-0.009319207747958747,0.06239487807428934
xjo_roll_3_max,rolling,362,0.07347055023210654,0.10164578056071928,0.061135526274827656
unemployment_rate_sa_roll_12_std,rolling,352,0.18538702484312405,0.17655816659638796,0.06103746326503878
housing_median_price_house_sydney_aud_thousand_pct_3,change,243,0.08437758670500756,0.10338368945891387,0.06036740120487316
commodity_prices_base_metals_sdr,level,364,0.15526700600126167,0.17640320514077576,0.06024320406731376
commodity_prices_base_metals_aud,level,364,0.15416860912650107,0.16402530224449216,0.0600642737741095
housing_price_index_rppi_legacy_8cap_pct_1,change,239,0.11576514998980608,0.08033509957841067,0.06001538373878712
xjo_roll_12_max,rolling,353,0.014381379688803302,0.06077450740480783,0.058927136674989944
aud_usd_roll_3_ewma,rolling,364,-0.026296615032099027,-0.03268810268133366,0.058149216420427585
commodity_prices_bulk_export_aud,level,364,0.004178345238674763,-0.008066245603045322,0.057817294251827134
aud_twi,level,364,0.0607825205378569,0.10537876123697362,0.05777627895791926
unemployment_rate_sa_lag_6,lag,357,0.05596044735423164,-0.05142063092107582,0.05774838577769392
xjo_lag_2,lag,362,0.07289367195133262,0.09713525724090584,0.05742104831940331
aud_usd_roll_3_mean,rolling,362,-0.031851167745990734,-0.03644092685703779,0.057413235164550436
consumer_sentiment_roll_12_std,rolling,163,0.23951067573281437,0.1974767526093512,0.05719192338631274
unemployment_rate_sa_roll_3_ewma,rolling,363,-0.0430355855885113,-0.14143281300822586,0.05685624188508642
wti_crude,level,364,0.07122045575831208,0.12179247192687946,0.056738004172749434
building_approvals_private_dwellings_sa,level,364,0.1636799910924819,0.1398599794937324,0.056584996654995834
aud_twi_roll_6_mean,rolling,359,-0.05442792952109488,0.017357093592740798,0.056129298502755054
headline_cpi_index_roll_12_std,rolling,350,0.08924988946886354,0.04875427128884229,0.056064884533942205
building_approvals_value_residential_aud_thousand_nsa,level,364,0.09658572255622569,0.09765065888156452,0.05589170696876011
unemployment_rate_sa_diff_12,change,351,-0.23499216078297658,-0.2526370214352448,0.055793936715377246
brent_crude,level,364,0.06855496617901458,0.11003518601185032,0.05575202410343616
agb_yield_10y_roll_12_ewma,rolling,137,0.09057072812592817,0.11956768351580882,0.05572176551110042
aud_usd_pct_12,change,352,0.2703874002894499,0.23326903843123184,0.05543270071496598
credit_total_yoy_growth_legacy_sa,level,363,-0.0013256799786142794,0.0008783738495514379,0.05440316952490809
aud_twi_roll_12_zscore,rolling,353,0.2761143891676564,0.263243906623147,0.054381144875514265
credit_business_inc_fin_sa_age_days,staleness,68,-0.18550752002596163,-0.03609969264222166,0.05384815194547432
credit_total_inc_fin_sa_age_days,staleness,68,-0.18550752002596163,-0.03609969264222166,0.05384815194547432
agb_yield_10y_roll_6_zscore,rolling,132,0.31500919817734596,0.31614125805796967,0.05359104380147062
housing_price_index_rppi_legacy_8cap_age_days,staleness,240,0.08419810798303644,0.17435229973225522,0.053112666932662034
commodity_prices_bulk_spot_sdr,level,185,0.32656282409339193,0.27542767207469254,0.05275666410621449
bbsw_1m,level,341,-0.05059186213541387,0.03027987358993547,0.05209068740201572
consumer_sentiment_roll_3_max,rolling,172,-0.15051275149024487,-0.08424802030414456,0.052024422931091996
bbsw_3m,level,364,0.029392159823441233,0.07444520458315926,0.05113930771519781
aud_twi_roll_12_std,rolling,353,-0.13747819873048048,0.0025164128816017365,0.050953877740725684
gdp_nominal_current_prices_sa_age_days,staleness,360,-0.039125400198208066,-0.01657334989421863,0.049844883939282436
gdp_per_capita_real_chain_volume_sa_age_days,staleness,360,-0.039125400198208066,-0.01657334989421863,0.049844883939282436
gdp_real_chain_volume_sa_age_days,staleness,360,-0.039125400198208066,-0.01657334989421863,0.049844883939282436
unemployment_rate_sa_roll_12_zscore,rolling,352,-0.24229173458978262,-0.26150416030233703,0.049837350346923825
business_conditions_roll_12_zscore,rolling,305,0.2500602269836888,0.22986596051689376,0.04865837926703431
xjo_roll_3_mean,rolling,362,0.08186230938008124,0.10397770435334876,0.04855005323600525
commodity_prices_bulk_spot_usd,level,185,0.27018436310541893,0.2574257478158795,0.04854458233925363
commodity_prices_all_usd,level,364,0.04470820596630333,0.05760825617966215,0.04827483540000843
xjo_roll_12_ewma,rolling,364,0.06589232549781492,0.09066609682722525,0.048201082223904956
business_conditions_diff_6,change,310,0.29372998241463855,0.2468522717233466,0.04814510710472164
consumer_sentiment_roll_6_zscore,rolling,169,-0.1313085938181529,-0.11528172302300994,0.04777203811645481
bbsw_3m_lag_6,lag,358,-0.20329653399421346,-0.12699667674914752,0.047370313349504034
xjo_pct_1,change,363,0.016671539455193146,-0.08493530086450274,0.04710183441375837
new_rate_pct_lag_3,lag,361,-0.1366779692683993,-0.06995087865995828,0.04686493417594484
agb_yield_10y_lag_2,lag,135,0.22570980362935048,0.24386709293962539,0.04668261449191702
aud_cny_lag_3,lag,361,-0.04018409679798627,-0.040783694766512904,0.04613832303652621
aud_cny_lag_6,lag,358,-0.1128870476988292,-0.10695068044211836,0.04610794501005322
consumer_sentiment_lag_3,lag,171,-0.06577893082440431,-0.02058867556601783,0.04600051073820688
housing_median_price_house_sydney_aud_thousand_pct_12,change,234,0.21985445264553635,0.1468728262109334,0.04559406710981784
unemployment_rate_sa,level,363,-0.05591035181730682,-0.15314283307324902,0.04532648611158718
unemployment_rate_sa_diff_3,change,360,-0.2020729600288657,-0.26203219444446857,0.04493141908911169
aud_twi_roll_12_ewma,rolling,364,-0.0655546565033231,0.0045169198697774535,0.04470883085441879
aud_cny_lag_12,lag,352,-0.28607424932636627,-0.23359789038538856,0.04463303810006569
housing_median_price_house_adelaide_aud_thousand_age_days,staleness,246,0.03881152315807448,0.061648164496484706,0.04459432547402509
housing_median_price_house_brisbane_aud_thousand_age_days,staleness,246,0.03881152315807448,0.061648164496484706,0.04459432547402509
housing_median_price_house_canberra_aud_thousand_age_days,staleness,246,0.03881152315807448,0.061648164496484706,0.04459432547402509
housing_median_price_house_darwin_aud_thousand_age_days,staleness,246,0.03881152315807448,0.061648164496484706,0.04459432547402509
housing_median_price_house_hobart_aud_thousand_age_days,staleness,246,0.03881152315807448,0.061648164496484706,0.04459432547402509
housing_median_price_house_melbourne_aud_thousand_age_days,staleness,246,0.03881152315807448,0.061648164496484706,0.04459432547402509
housing_median_price_house_perth_aud_thousand_age_days,staleness,246,0.03881152315807448,0.061648164496484706,0.04459432547402509
housing_median_price_house_sydney_aud_thousand_age_days,staleness,246,0.03881152315807448,0.061648164496484706,0.04459432547402509
housing_transfer_count_house_adelaide_age_days,staleness,246,0.03881152315807448,0.061648164496484706,0.04459432547402509
housing_transfer_count_house_brisbane_age_days,staleness,246,0.03881152315807448,0.061648164496484706,0.04459432547402509
housing_transfer_count_house_canberra_age_days,staleness,246,0.03881152315807448,0.061648164496484706,0.04459432547402509
housing_transfer_count_house_darwin_age_days,staleness,246,0.03881152315807448,0.061648164496484706,0.04459432547402509
housing_transfer_count_house_hobart_age_days,staleness,246,0.03881152315807448,0.061648164496484706,0.04459432547402509
housing_transfer_count_house_melbourne_age_days,staleness,246,0.03881152315807448,0.061648164496484706,0.04459432547402509
housing_transfer_count_house_perth_age_days,staleness,246,0.03881152315807448,0.061648164496484706,0.04459432547402509
housing_transfer_count_house_sydney_age_days,staleness,246,0.03881152315807448,0.061648164496484706,0.04459432547402509
aud_usd_lag_12,lag,352,-0.18761030829509528,-0.1673974682619184,0.044499822608089934
housing_median_price_house_perth_aud_thousand_pct_6,change,240,0.2231389269505451,0.2580682574863032,0.042922160423072286
unemployment_rate_sa_roll_6_zscore,rolling,358,-0.23587561491322537,-0.23670830127244996,0.04273543586070416
broad_money_yoy_growth_sa_age_days,staleness,363,-0.08406482327324735,-0.028600098020861685,0.042608293082232906
credit_investor_housing_sa_age_days,staleness,363,-0.08406482327324735,-0.028600098020861685,0.042608293082232906
credit_other_personal_sa_age_days,staleness,363,-0.08406482327324735,-0.028600098020861685,0.042608293082232906
credit_owner_occupier_housing_sa_age_days,staleness,363,-0.08406482327324735,-0.028600098020861685,0.042608293082232906
consumer_sentiment_age_days,staleness,174,0.11470872917149061,0.09198978189339985,0.04255266465740075
agb_yield_2y_lag_2,lag,131,0.2101151436976897,0.2615110693497607,0.04214078157516421
agb_yield_10y_roll_3_std,rolling,135,0.2689221427236259,0.24753159511770292,0.04211869039062677
trimmed_mean_index_roll_12_std,rolling,350,0.10425720324387011,0.14846548919424687,0.04138297992326301
bbsw_6m,level,341,0.03427975642556138,0.10925745418485126,0.04131239997686431
new_rate_pct_lag_2,lag,362,-0.09286128296078215,-0.038130915972094136,0.041023803001162706
aud_twi_roll_6_min,rolling,359,0.005669257871836018,0.03800276145787422,0.0404969427880828
business_conditions_roll_12_mean,rolling,305,0.20142013412750528,0.25296100706213487,0.039684103098947876
xjo_roll_12_std,rolling,353,-0.1589904886261169,0.03639240037316246,0.039329502216848056
aud_usd_pct_3,change,361,0.3064238319671082,0.2008334250018447,0.03871408802803589
aud_usd_lag_3,lag,361,-0.11184624000230743,-0.08853871265322714,0.038611495894674164
business_conditions_age_days,staleness,316,0.0894469734844618,0.08552292604768273,0.03802200166166383
aud_cny_lag_1,lag,363,0.060920380383970234,0.03836788500648249,0.03766242254618368
aud_cny_lag_2,lag,362,0.0014449853042308954,-0.007953685863357535,0.03759184568782836
housing_price_index_rppi_legacy_8cap_pct_12,change,228,0.21086600483818682,0.23081755320293765,0.03721260211425781
aud_twi_roll_3_mean,rolling,362,0.0055057924997413904,0.0622362045104131,0.036864506235999794
aud_twi_lag_3,lag,361,-0.08025846955324216,-0.0017045554158262582,0.036639223278951416
xjo_lag_1,lag,363,0.09465146706488375,0.11754877361583711,0.03656015327788409
trimmed_mean_index_roll_12_zscore,rolling,350,0.14412950109327816,0.19074688880061028,0.036558766937753395
agb_yield_10y_roll_12_zscore,rolling,126,0.4224141763112898,0.4348183868822502,0.036143397280281375
aud_usd,level,364,0.011274376310016642,-0.0038708908328857644,0.03585641861403421
unemployment_rate_sa_lag_2,lag,361,-0.012004487911475646,-0.10873513227899796,0.03547273877406232
business_conditions_diff_12,change,304,0.3058751706707793,0.28550099455723327,0.035453607118526964
aud_usd_roll_3_zscore,rolling,362,0.11427499031217783,0.1277745209480368,0.03529513378925775
business_conditions_roll_6_zscore,rolling,311,0.15225991120758825,0.11073773482110612,0.035058215942708415
credit_other_personal_sa,level,363,-0.013465089957425944,-0.012453109202838143,0.03488140903155523
consumer_sentiment_lag_2,lag,172,-0.11292429093681718,-0.06816663396512841,0.034619453284310264
aud_usd_lag_2,lag,362,-0.0736020175966277,-0.06254066491061486,0.034251972532914454
aud_usd_pct_6,change,358,0.2981379576283418,0.21755230371666956,0.03412718006372906
xjo_roll_6_ewma,rolling,364,0.08133268059317239,0.1040374823398162,0.03369702695206267
business_conditions_roll_6_std,rolling,311,-0.05611657866643632,-0.013819106042982964,0.03368855415895311
aud_jpy_lag_1,lag,363,0.08334281850742349,0.09744194541647103,0.03342085108011528
aud_twi_roll_3_min,rolling,362,0.028236790021950068,0.07263400438047897,0.033387221632035
consumer_sentiment_roll_6_mean,rolling,169,-0.18096492640442344,-0.13564602411943877,0.033344758675902364
broad_money_yoy_growth_sa_lag_6,lag,357,-0.1376581015484505,0.10849185002518129,0.03313189961945584
housing_median_price_attached_perth_aud_thousand,level,240,0.02057329140720315,-0.01670787901148963,0.03297457833351802
aud_twi_lag_1,lag,363,0.013089000111135413,0.06474173344244552,0.03285989734867045
aud_twi_pct_6,change,358,0.3131535267721753,0.2385511811917933,0.032538282785580686
commodity_prices_non_rural_usd,level,364,0.034272677578579526,0.049678087723795346,0.03212162744466185
xjo_lag_6,lag,358,0.046199441780318755,0.07628579091524788,0.031963670750250195
new_rate_pct_lag_1,lag,363,-0.05866149073063472,-0.012242979135757778,0.0318111154878975
tvd_dwelling_count_thousand_age_days,staleness,152,0.05346791533231472,0.09063017142789354,0.0318049985243547
tvd_mean_price_aud_thousand_age_days,staleness,152,0.05346791533231472,0.09063017142789354,0.0318049985243547
aud_twi_roll_3_zscore,rolling,362,0.1649230154187718,0.163170505669552,0.03172188009788579
aud_jpy_lag_3,lag,361,-0.016983391262135883,0.031080274968115117,0.031544117990292664
aud_cny_pct_6,change,358,0.23812949981707052,0.24714411717649656,0.030887843009731464
xjo_lag_3,lag,361,0.06497482156721493,0.09110685265169387,0.03071379565737642
agb_yield_10y_roll_12_mean,rolling,126,0.07549502722793695,0.1155892245748207,0.03064033458177451
aud_twi_pct_3,change,361,0.30236112054796327,0.1963954478096041,0.03044598150719202
housing_median_price_house_melbourne_aud_thousand_pct_12,change,234,0.10245282988209285,0.15124237997140755,0.02990552861070106
xjo_lag_12,lag,352,-0.014130546145172432,0.02376295556609037,0.029890297216921713
xjo_pct_12,change,352,0.2004753637790182,0.0863025485249307,0.02959538082737745
unemployment_rate_sa_diff_1,change,362,-0.13594749777101742,-0.10964347494895846,0.029387040943823717
aud_usd_roll_6_ewma,rolling,364,-0.06664356222044326,-0.06618752300813541,0.029017570674657822
trimmed_mean_index_roll_6_zscore,rolling,356,0.08757081913428208,0.1309561636514219,0.02846176813768686
aud_usd_roll_6_mean,rolling,359,-0.08667917539647722,-0.08018447705089339,0.028203960355389412
xjo_roll_3_zscore,rolling,362,-0.03155495447556547,-0.080276679008648,0.027825298783853647
aud_cny,level,364,0.10211741061375534,0.07682444771328396,0.02758539819437833
aud_cny_pct_1,change,363,0.1343554997359888,0.16674898517945044,0.027128826722525368
xjo,level,364,0.09821057728711466,0.11689083328250718,0.02663106132317883
building_approvals_dwellings_houses_nsa,level,364,0.21250188685215485,0.20405140906175487,0.026564819868234002
consumer_sentiment_roll_3_std,rolling,172,0.10725851402434355,0.14469520367162267,0.026244343285791505
aud_usd_roll_3_max,rolling,362,-0.04984053469849798,-0.0448037341677449,0.026103745951021162
aud_usd_roll_12_ewma,rolling,364,-0.10543761375064385,-0.10332150464228686,0.026085110077205265
building_approvals_dwellings_other_nsa,level,364,0.19012769254693626,0.048173157961301526,0.026035996550165086
broad_money_yoy_growth_sa_lag_12,lag,351,-0.10736888645436012,0.13092593210767092,0.025976485466748134
commodity_prices_all_aud_age_days,staleness,364,-0.05759120705323482,-0.04358695261931785,0.025262247193261533
commodity_prices_all_sdr_age_days,staleness,364,-0.05759120705323482,-0.04358695261931785,0.025262247193261533
commodity_prices_all_usd_age_days,staleness,364,-0.05759120705323482,-0.04358695261931785,0.025262247193261533
commodity_prices_base_metals_aud_age_days,staleness,364,-0.05759120705323482,-0.04358695261931785,0.025262247193261533
commodity_prices_base_metals_sdr_age_days,staleness,364,-0.05759120705323482,-0.04358695261931785,0.025262247193261533
commodity_prices_base_metals_usd_age_days,staleness,364,-0.05759120705323482,-0.04358695261931785,0.025262247193261533
commodity_prices_bulk_export_aud_age_days,staleness,364,-0.05759120705323482,-0.04358695261931785,0.025262247193261533
commodity_prices_bulk_export_sdr_age_days,staleness,364,-0.05759120705323482,-0.04358695261931785,0.025262247193261533
commodity_prices_bulk_export_usd_age_days,staleness,364,-0.05759120705323482,-0.04358695261931785,0.025262247193261533
commodity_prices_non_rural_aud_age_days,staleness,364,-0.05759120705323482,-0.04358695261931785,0.025262247193261533
commodity_prices_non_rural_sdr_age_days,staleness,364,-0.05759120705323482,-0.04358695261931785,0.025262247193261533
commodity_prices_non_rural_usd_age_days,staleness,364,-0.05759120705323482,-0.04358695261931785,0.025262247193261533
commodity_prices_rural_aud_age_days,staleness,364,-0.05759120705323482,-0.04358695261931785,0.025262247193261533
commodity_prices_rural_sdr_age_days,staleness,364,-0.05759120705323482,-0.04358695261931785,0.025262247193261533
commodity_prices_rural_usd_age_days,staleness,364,-0.05759120705323482,-0.04358695261931785,0.025262247193261533
commodity_prices_all_with_spot_aud_age_days,staleness,185,-0.05232925762797795,-0.016731267898184896,0.02522733623500084
commodity_prices_all_with_spot_sdr_age_days,staleness,185,-0.05232925762797795,-0.016731267898184896,0.02522733623500084
commodity_prices_all_with_spot_usd_age_days,staleness,185,-0.05232925762797795,-0.016731267898184896,0.02522733623500084
commodity_prices_bulk_spot_aud_age_days,staleness,185,-0.05232925762797795,-0.016731267898184896,0.02522733623500084
commodity_prices_bulk_spot_sdr_age_days,staleness,185,-0.05232925762797795,-0.016731267898184896,0.02522733623500084
commodity_prices_bulk_spot_usd_age_days,staleness,185,-0.05232925762797795,-0.016731267898184896,0.02522733623500084
xjo_roll_3_ewma,rolling,364,0.09184401223681402,0.11252459388234189,0.025039760648622122
unemployment_rate_sa_roll_3_zscore,rolling,361,-0.17769059935952944,-0.15872617197645836,0.024254510138862484
commodity_prices_all_usd_yoy_pct,change,352,0.040998204970536106,0.15691997846818564,0.0225054454751219
aud_twi_roll_3_ewma,rolling,364,0.01795762417103725,0.0749466487030102,0.02205465876378576
business_conditions_lag_12,lag,304,-0.002536065096676879,0.02398813154400323,0.021970584836291662
aud_twi_pct_1,change,363,0.20869454443483826,0.17142288511422699,0.021893498219880403
aud_twi_lag_12,lag,352,-0.1700550114113064,-0.10964552286473815,0.021655692209507693
housing_median_price_house_adelaide_aud_thousand_pct_1,change,245,0.09453062254714344,0.046096675971374325,0.021629427298290427
commodity_prices_base_metals_usd,level,364,0.13890634676742722,0.17980753865193283,0.02143282021537507
consumer_sentiment_roll_3_zscore,rolling,172,-0.09869827872951302,-0.08212607842544509,0.021400318191525214
aud_twi_lag_6,lag,358,-0.1326219243177381,-0.06247654170024516,0.021309382620584794
consumer_sentiment_lag_6,lag,168,0.024773367672015843,0.02153901378171124,0.02029227416025914
credit_total_inc_fin_yoy_growth_sa_is_missing,missing_flag,364,-0.16934306001081847,-0.19082487509519663,0.020215151900783192
wpi_total_hourly_excl_bonuses_all_sectors_sa_age_days,staleness,307,0.06041811247422443,0.102268069142502,0.01958339654487573
wpi_total_hourly_excl_bonuses_private_sa_age_days,staleness,307,0.06041811247422443,0.102268069142502,0.01958339654487573
wpi_total_hourly_excl_bonuses_public_sa_age_days,staleness,307,0.06041811247422443,0.102268069142502,0.01958339654487573
copper_spot,level,364,0.08002619885485673,0.09731250872099396,0.019264597762510327
xjo_pct_6,change,358,0.14122805212480266,0.024890950818646236,0.01922045464938238
aud_nzd,level,364,-0.004664848435967599,0.043197759246079596,0.01916806809300886
headline_cpi_index_roll_3_zscore,rolling,263,0.09774432433722069,0.060023793565683256,0.018802029170171375
aud_jpy_lag_2,lag,362,0.02640198620568453,0.054777014358893476,0.018710675445172464
commodity_prices_bulk_export_usd,level,364,-0.009564083782491078,-0.00560744771390948,0.018384978683751108
prior_rate_pct,level,364,-0.05855566972759216,-0.012303098018983447,0.01759801951182438
broad_money_yoy_growth_sa_lag_3,lag,360,-0.07011239927565943,0.08561325199274934,0.01748475344675038
broad_money_yoy_growth_sa_lag_1,lag,362,-0.03597705189428807,0.06874613625769484,0.01724592003929737
aud_jpy_lag_6,lag,358,-0.0841004322370685,-0.02838423105031219,0.017113967173910893
aud_twi_roll_6_ewma,rolling,364,-0.02519094871936385,0.042417502182664664,0.016629486027282425
business_conditions_roll_3_zscore,rolling,314,0.06604575244009382,0.05651951516171153,0.016079615798657576
consumer_sentiment_roll_12_max,rolling,163,0.0157435145679401,0.026751035135643274,0.016045032432014272
broad_money_yoy_growth_sa_lag_2,lag,361,-0.05166067078511516,0.07680372600582033,0.01534158787404949
regime_gfc,regime,364,-0.24519330652409058,-0.10106680457536303,0.01533081681665658
agb_yield_10y_lag_3,lag,134,0.19650890658682854,0.23275316018088305,0.01432540565698237
aud_twi_pct_12,change,352,0.30116231334125404,0.251848152616136,0.014053739127690035
aud_usd_pct_1,change,363,0.19206146144267763,0.15640189541100527,0.013500682876438796
housing_transfer_count_attached_canberra,level,240,0.17495151260899047,0.20292736675158785,0.013355819912335587
agb_yield_2y_age_days,staleness,133,0.012112434180843061,0.036631259558657474,0.01323851118005278
agb_yield_3y_age_days,staleness,133,0.012112434180843061,0.036631259558657474,0.01323851118005278
agb_yield_5y_age_days,staleness,133,0.012112434180843061,0.036631259558657474,0.01323851118005278
brent_crude_age_days,staleness,364,0.09228267226704095,0.08724758287409119,0.013237697630829971
agb_yield_10y_age_days,staleness,137,0.01693227124689689,0.041710911562471156,0.013158798301190974
credit_business_inc_fin_sa_is_missing,missing_flag,364,-0.1311925574961083,-0.1335195197846979,0.012997221078622695
credit_total_inc_fin_sa_is_missing,missing_flag,364,-0.1311925574961083,-0.1335195197846979,0.012997221078622695
xej_age_days,staleness,139,-0.06481764141776453,-0.06792273595310387,0.012767885301956931
xfj_age_days,staleness,139,-0.06481764141776453,-0.06792273595310387,0.012767885301956931
xjr_age_days,staleness,139,-0.06481764141776453,-0.06792273595310387,0.012767885301956931
xmj_age_days,staleness,139,-0.06481764141776453,-0.06792273595310387,0.012767885301956931
aud_twi_roll_3_std,rolling,362,-0.21645492167478228,-0.029001281206986227,0.012538101559501635
aud_jpy,level,364,0.15243196828264907,0.14293703389796883,0.012291078585573878
aud_cny_pct_3,change,361,0.22603639603736944,0.20477183121212222,0.011967108113106972
aud_twi_roll_6_std,rolling,359,-0.3029252614436636,-0.03149158286646651,0.011765105049184488
xjo_roll_3_min,rolling,362,0.08950463463825778,0.10930650173112233,0.011224814076914225
bbsw_3m_age_days,staleness,364,0.02394749205542039,0.06645902243149032,0.011067307310539471
gap_days_since_last_meeting,level,364,0.00712504529642907,0.043915311609965944,0.010743851039737962
bbsw_3m_lag_2,lag,362,-0.08695103075024051,-0.02130665886508418,0.010482284345620707
business_conditions_lag_6,lag,310,0.09923124726483311,0.17040090907449507,0.010042306060831896
xjo_age_days,staleness,364,0.08094309426119636,0.07495057628071301,0.009971817023262823
aud_usd_roll_6_std,rolling,359,-0.29656173292524046,0.007737721360868229,0.009874155150464414
xjo_roll_12_zscore,rolling,353,0.0347356999177859,-0.0022577284904448528,0.009261784637720316
housing_median_price_house_sydney_aud_thousand_pct_1,change,245,0.04845759922374459,0.029913199421188485,0.00917519587617699
xjo_roll_6_zscore,rolling,359,0.008498028378408,-0.024075528030728714,0.009116640714914137
housing_transfer_count_attached_sydney,level,240,0.12558579853346313,0.13115036729310628,0.00903730524475832
wti_crude_age_days,staleness,364,0.0816473608346722,0.043906483226462144,0.0087936601417513
aud_gbp,level,364,0.03769890316194476,0.017241282905532444,0.008326059896019311
aud_cny_age_days,staleness,364,0.01787060185321214,0.018405379913154604,0.008069662027724647
aud_gbp_age_days,staleness,364,0.01787060185321214,0.018405379913154604,0.008069662027724647
aud_jpy_age_days,staleness,364,0.01787060185321214,0.018405379913154604,0.008069662027724647
aud_nzd_age_days,staleness,364,0.01787060185321214,0.018405379913154604,0.008069662027724647
aud_twi_age_days,staleness,364,0.01787060185321214,0.018405379913154604,0.008069662027724647
aud_usd_age_days,staleness,364,0.01787060185321214,0.018405379913154604,0.008069662027724647
building_approvals_dwellings_houses_nsa_age_days,staleness,364,-0.11685133092664808,0.00620084252432583,0.00806707929300221
building_approvals_dwellings_total_nsa_age_days,staleness,364,-0.11685133092664808,0.00620084252432583,0.00806707929300221
building_approvals_private_dwellings_sa_age_days,staleness,364,-0.11685133092664808,0.00620084252432583,0.00806707929300221
building_approvals_private_dwellings_trend_age_days,staleness,364,-0.11685133092664808,0.00620084252432583,0.00806707929300221
building_approvals_value_non_residential_aud_thousand_nsa_age_days,staleness,364,-0.11685133092664808,0.00620084252432583,0.00806707929300221
building_approvals_value_residential_aud_thousand_nsa_age_days,staleness,364,-0.11685133092664808,0.00620084252432583,0.00806707929300221
regime_covid,regime,364,-0.03359207716855737,-0.0700167902940196,0.007875098898916244
aud_eur_is_missing,missing_flag,364,-0.026536383314612708,-0.07984470568081165,0.0076789850685679145
regime_forward_guidance,regime,364,-0.02007377190102021,-0.048943316456962954,0.007333073565089769
housing_median_price_house_brisbane_aud_thousand_pct_1,change,245,0.11651625254247314,0.08137627913284036,0.006478139929160021
consumer_sentiment_roll_12_zscore,rolling,163,-0.22867653708774158,-0.21069760730521142,0.006197625833894049
bbsw_1m_age_days,staleness,341,-0.008961150652508763,0.045111417655584116,0.005459700905494792
bbsw_6m_age_days,staleness,341,-0.008961150652508763,0.045111417655584116,0.005459700905494792
regime_gov_stevens,regime,364,-0.12570037762167255,-0.08571893005914524,0.005330387338803547
credit_total_inc_fin_yoy_growth_sa_age_days,staleness,56,-0.2104763525411536,-0.08223976361725416,0.0051597002591872165
wpi_total_hourly_excl_bonuses_all_sectors_sa_is_missing,missing_flag,364,-0.020678374137118077,-0.06991599502896576,0.004550053073968378
wpi_total_hourly_excl_bonuses_private_sa_is_missing,missing_flag,364,-0.020678374137118077,-0.06991599502896576,0.004550053073968378
wpi_total_hourly_excl_bonuses_public_sa_is_missing,missing_flag,364,-0.020678374137118077,-0.06991599502896576,0.004550053073968378
aud_usd_roll_3_std,rolling,362,-0.21401469011309415,0.027052862630409822,0.004509239936388187
trimmed_mean_index_roll_3_zscore,rolling,263,0.010898459885598932,0.10137129395619811,0.004456793909404677
bbsw_3m_lag_1,lag,363,-0.043718348376482766,0.014628106098571531,0.003991173341645116
regime_gov_fraser,regime,364,0.06255433350583069,-0.0014984703398406385,0.0031263525044314816
regime_gov_lowe,regime,364,0.10006563275950955,0.08482560184457696,0.003068321102354367
housing_median_price_house_perth_aud_thousand_pct_1,change,245,0.10966697758335214,0.04689407538840966,0.002958373998656727
aud_eur_age_days,staleness,295,-0.020803887785171112,-0.014248518837328878,0.00285657118882629
business_conditions_is_missing,missing_flag,364,0.018186880009140077,-0.03809844225272505,0.0027914212896381213
housing_median_price_house_adelaide_aud_thousand_is_missing,missing_flag,364,-0.01652051970012642,-0.05826191379032849,0.0027090796578976145
housing_median_price_house_brisbane_aud_thousand_is_missing,missing_flag,364,-0.01652051970012642,-0.05826191379032849,0.0027090796578976145
housing_median_price_house_canberra_aud_thousand_is_missing,missing_flag,364,-0.01652051970012642,-0.05826191379032849,0.0027090796578976145
housing_median_price_house_darwin_aud_thousand_is_missing,missing_flag,364,-0.01652051970012642,-0.05826191379032849,0.0027090796578976145
housing_median_price_house_hobart_aud_thousand_is_missing,missing_flag,364,-0.01652051970012642,-0.05826191379032849,0.0027090796578976145
housing_median_price_house_melbourne_aud_thousand_is_missing,missing_flag,364,-0.01652051970012642,-0.05826191379032849,0.0027090796578976145
housing_median_price_house_perth_aud_thousand_is_missing,missing_flag,364,-0.01652051970012642,-0.05826191379032849,0.0027090796578976145
housing_median_price_house_sydney_aud_thousand_is_missing,missing_flag,364,-0.01652051970012642,-0.05826191379032849,0.0027090796578976145
housing_transfer_count_house_adelaide_is_missing,missing_flag,364,-0.01652051970012642,-0.05826191379032849,0.0027090796578976145
housing_transfer_count_house_brisbane_is_missing,missing_flag,364,-0.01652051970012642,-0.05826191379032849,0.0027090796578976145
housing_transfer_count_house_canberra_is_missing,missing_flag,364,-0.01652051970012642,-0.05826191379032849,0.0027090796578976145
housing_transfer_count_house_darwin_is_missing,missing_flag,364,-0.01652051970012642,-0.05826191379032849,0.0027090796578976145
housing_transfer_count_house_hobart_is_missing,missing_flag,364,-0.01652051970012642,-0.05826191379032849,0.0027090796578976145
housing_transfer_count_house_melbourne_is_missing,missing_flag,364,-0.01652051970012642,-0.05826191379032849,0.0027090796578976145
housing_transfer_count_house_perth_is_missing,missing_flag,364,-0.01652051970012642,-0.05826191379032849,0.0027090796578976145
housing_transfer_count_house_sydney_is_missing,missing_flag,364,-0.01652051970012642,-0.05826191379032849,0.0027090796578976145
unemployment_rate_sa_roll_3_std,rolling,361,-0.02467038679534964,-0.03988643192946562,0.002410135809889802
headline_cpi_index_is_missing,missing_flag,364,-0.07649506370352828,-0.0686421351530772,0.0022138090796904805
trimmed_mean_index_is_missing,missing_flag,364,-0.07649506370352828,-0.0686421351530772,0.0022138090796904805
weighted_median_index_is_missing,missing_flag,364,-0.07649506370352828,-0.0686421351530772,0.0022138090796904805
household_debt_to_income_is_missing,missing_flag,364,-0.05848193106725914,-0.05392721639825013,0.0020261860302600784
housing_debt_to_income_is_missing,missing_flag,364,-0.05848193106725914,-0.05392721639825013,0.0020261860302600784
owner_occupier_housing_debt_to_income_is_missing,missing_flag,364,-0.05848193106725914,-0.05392721639825013,0.0020261860302600784
gdp_nominal_current_prices_sa_is_missing,missing_flag,364,-0.06581626259590011,-0.059868501151235584,0.0019991749324892727
gdp_per_capita_real_chain_volume_sa_is_missing,missing_flag,364,-0.06581626259590011,-0.059868501151235584,0.0019991749324892727
gdp_real_chain_volume_sa_is_missing,missing_flag,364,-0.06581626259590011,-0.059868501151235584,0.0019991749324892727
regime_gov_bullock,regime,364,0.019881025263023704,0.02172678296052468,0.0014395677346556585
housing_median_price_attached_adelaide_aud_thousand_is_missing,missing_flag,364,-0.0006894117879410815,-0.0344197991613186,0.0011799851002748524
housing_median_price_attached_brisbane_aud_thousand_is_missing,missing_flag,364,-0.0006894117879410815,-0.0344197991613186,0.0011799851002748524
housing_median_price_attached_canberra_aud_thousand_is_missing,missing_flag,364,-0.0006894117879410815,-0.0344197991613186,0.0011799851002748524
housing_median_price_attached_darwin_aud_thousand_is_missing,missing_flag,364,-0.0006894117879410815,-0.0344197991613186,0.0011799851002748524
housing_median_price_attached_hobart_aud_thousand_is_missing,missing_flag,364,-0.0006894117879410815,-0.0344197991613186,0.0011799851002748524
housing_median_price_attached_melbourne_aud_thousand_is_missing,missing_flag,364,-0.0006894117879410815,-0.0344197991613186,0.0011799851002748524
housing_median_price_attached_perth_aud_thousand_is_missing,missing_flag,364,-0.0006894117879410815,-0.0344197991613186,0.0011799851002748524
housing_median_price_attached_sydney_aud_thousand_is_missing,missing_flag,364,-0.0006894117879410815,-0.0344197991613186,0.0011799851002748524
housing_price_index_rppi_legacy_8cap_is_missing,missing_flag,364,-0.0006894117879410815,-0.0344197991613186,0.0011799851002748524
housing_transfer_count_attached_adelaide_is_missing,missing_flag,364,-0.0006894117879410815,-0.0344197991613186,0.0011799851002748524
housing_transfer_count_attached_brisbane_is_missing,missing_flag,364,-0.0006894117879410815,-0.0344197991613186,0.0011799851002748524
housing_transfer_count_attached_canberra_is_missing,missing_flag,364,-0.0006894117879410815,-0.0344197991613186,0.0011799851002748524
housing_transfer_count_attached_darwin_is_missing,missing_flag,364,-0.0006894117879410815,-0.0344197991613186,0.0011799851002748524
housing_transfer_count_attached_hobart_is_missing,missing_flag,364,-0.0006894117879410815,-0.0344197991613186,0.0011799851002748524
housing_transfer_count_attached_melbourne_is_missing,missing_flag,364,-0.0006894117879410815,-0.0344197991613186,0.0011799851002748524
housing_transfer_count_attached_perth_is_missing,missing_flag,364,-0.0006894117879410815,-0.0344197991613186,0.0011799851002748524
housing_transfer_count_attached_sydney_is_missing,missing_flag,364,-0.0006894117879410815,-0.0344197991613186,0.0011799851002748524
regime_post2024_cadence,regime,364,0.0046516943524855065,-0.0013551879811871355,0.0010509729360928255
participation_rate_sa_age_days,staleness,363,-0.10974046215471553,-0.059128904805954965,0.0010440512145524217
underemployment_rate_sa_age_days,staleness,363,-0.10974046215471553,-0.059128904805954965,0.0010440512145524217
unemployment_rate_sa_age_days,staleness,363,-0.10974046215471553,-0.059128904805954965,0.0010440512145524217
commodity_prices_all_with_spot_aud_is_missing,missing_flag,364,-0.02298338508005682,0.0038659041871669277,0.0010111665718083307
commodity_prices_all_with_spot_sdr_is_missing,missing_flag,364,-0.02298338508005682,0.0038659041871669277,0.0010111665718083307
commodity_prices_all_with_spot_usd_is_missing,missing_flag,364,-0.02298338508005682,0.0038659041871669277,0.0010111665718083307
commodity_prices_bulk_spot_aud_is_missing,missing_flag,364,-0.02298338508005682,0.0038659041871669277,0.0010111665718083307
commodity_prices_bulk_spot_sdr_is_missing,missing_flag,364,-0.02298338508005682,0.0038659041871669277,0.0010111665718083307
commodity_prices_bulk_spot_usd_is_missing,missing_flag,364,-0.02298338508005682,0.0038659041871669277,0.0010111665718083307
tvd_dwelling_count_thousand_is_missing,missing_flag,364,-0.019655051942343287,0.03469561235424337,0.000990803413246255
tvd_mean_price_aud_thousand_is_missing,missing_flag,364,-0.019655051942343287,0.03469561235424337,0.000990803413246255
regime_gov_macfarlane,regime,364,-0.01746209520331817,-0.0003073389995751902,0.000837829216932609
bbsw_3m_lag_3,lag,361,-0.13812717723560755,-0.0628877200233019,0.000731105990920522
broad_money_yoy_growth_sa_is_missing,missing_flag,364,0.0010403766717015238,-0.0006775067885238788,0.0007219154461647614
credit_business_legacy_sa_is_missing,missing_flag,364,0.0010403766717015238,-0.0006775067885238788,0.0007219154461647614
credit_investor_housing_sa_is_missing,missing_flag,364,0.0010403766717015238,-0.0006775067885238788,0.0007219154461647614
credit_other_personal_sa_is_missing,missing_flag,364,0.0010403766717015238,-0.0006775067885238788,0.0007219154461647614
credit_owner_occupier_housing_sa_is_missing,missing_flag,364,0.0010403766717015238,-0.0006775067885238788,0.0007219154461647614
credit_total_legacy_sa_is_missing,missing_flag,364,0.0010403766717015238,-0.0006775067885238788,0.0007219154461647614
credit_total_yoy_growth_legacy_sa_is_missing,missing_flag,364,0.0010403766717015238,-0.0006775067885238788,0.0007219154461647614
participation_rate_sa_is_missing,missing_flag,364,0.0010403766717015238,-0.0006775067885238788,0.0007219154461647614
underemployment_rate_sa_is_missing,missing_flag,364,0.0010403766717015238,-0.0006775067885238788,0.0007219154461647614
unemployment_rate_sa_is_missing,missing_flag,364,0.0010403766717015238,-0.0006775067885238788,0.0007219154461647614
agb_yield_2y_is_missing,missing_flag,364,-0.06943532597484454,-0.035238474185740234,0.000650696554760799
agb_yield_3y_is_missing,missing_flag,364,-0.06943532597484454,-0.035238474185740234,0.000650696554760799
agb_yield_5y_is_missing,missing_flag,364,-0.06943532597484454,-0.035238474185740234,0.000650696554760799
agb_yield_10y_diff_3,change,134,0.31752076466059703,0.26507566099408775,0.0005741184958865109
business_conditions_roll_3_std,rolling,314,-0.016412577013798522,-0.017298140550397852,0.0004550368427624907
agb_yield_10y_is_missing,missing_flag,364,-0.062157828966231066,-0.023459663874472615,0.0003553914455375756
consumer_sentiment_is_missing,missing_flag,364,-0.03597546642036551,0.01295622280419223,0.00031680455921109796
bbsw_1m_is_missing,missing_flag,364,0.10698692544856013,0.02587165513603555,0.0002630019805223323
bbsw_6m_is_missing,missing_flag,364,0.10698692544856013,0.02587165513603555,0.0002630019805223323
xej_is_missing,missing_flag,364,-0.054921367062507366,-0.012006991598761224,0.00010959479642261294
xfj_is_missing,missing_flag,364,-0.054921367062507366,-0.012006991598761224,0.00010959479642261294
xjr_is_missing,missing_flag,364,-0.054921367062507366,-0.012006991598761224,0.00010959479642261294
xmj_is_missing,missing_flag,364,-0.054921367062507366,-0.012006991598761224,0.00010959479642261294
aud_usd_roll_6_zscore,rolling,359,0.19235585651059647,0.21051154736346828,0.0
agb_yield_10y_roll_3_zscore,rolling,135,0.1697390757953445,0.1682355560227051,0.0
consumer_sentiment_roll_6_std,rolling,169,0.16887277919054383,0.14369633353133998,0.0
business_conditions_diff_3,change,313,0.16027854999193536,0.1163618158150264,0.0
building_approvals_dwellings_total_nsa,level,364,0.15553498752503628,0.12688776497748616,0.0
agb_yield_10y_diff_1,change,136,0.15482415985092265,0.1479530614283604,0.0
aud_usd_roll_12_std,rolling,353,-0.13429303213718455,-0.0023225145189067677,0.0
xjo_roll_6_std,rolling,359,-0.13082311089545132,0.015649813907333488,0.0
headline_cpi_index_roll_6_zscore,rolling,356,0.12573779985250574,0.20346141694122072,0.0
aud_jpy_lag_12,lag,352,-0.1255299672029246,-0.07357352509296956,0.0
xjo_pct_3,change,361,0.1123099299135646,0.005960704609168219,0.0
xjo_roll_3_std,rolling,362,-0.09941216294730099,-0.009297082539161356,0.0
consumer_sentiment_lag_12,lag,162,0.09766692450304079,0.06970033791923579,0.0
unemployment_rate_sa_roll_6_std,rolling,358,0.09585615149289556,0.12446520124163518,0.0
consumer_sentiment_diff_1,change,173,-0.09317024739704642,-0.0644222396938664,0.0
business_conditions_diff_1,change,315,0.08570979942984118,0.07458629877708511,0.0
copper_spot_age_days,staleness,364,0.0770010378863754,0.05179309397654017,0.0
iron_ore_spot_age_days,staleness,364,0.0770010378863754,0.05179309397654017,0.0
xfj,level,139,0.059609836012002995,0.12552604842798368,0.0
aud_twi_lag_2,lag,362,-0.041433544570539105,0.027243934103694065,0.0
housing_median_price_attached_adelaide_aud_thousand_age_days,staleness,240,0.03294001253046695,0.052169892705768176,0.0
housing_median_price_attached_brisbane_aud_thousand_age_days,staleness,240,0.03294001253046695,0.052169892705768176,0.0
housing_median_price_attached_canberra_aud_thousand_age_days,staleness,240,0.03294001253046695,0.052169892705768176,0.0
housing_median_price_attached_darwin_aud_thousand_age_days,staleness,240,0.03294001253046695,0.052169892705768176,0.0
housing_median_price_attached_hobart_aud_thousand_age_days,staleness,240,0.03294001253046695,0.052169892705768176,0.0
housing_median_price_attached_melbourne_aud_thousand_age_days,staleness,240,0.03294001253046695,0.052169892705768176,0.0
housing_median_price_attached_perth_aud_thousand_age_days,staleness,240,0.03294001253046695,0.052169892705768176,0.0
housing_median_price_attached_sydney_aud_thousand_age_days,staleness,240,0.03294001253046695,0.052169892705768176,0.0
housing_transfer_count_attached_adelaide_age_days,staleness,240,0.03294001253046695,0.052169892705768176,0.0
housing_transfer_count_attached_brisbane_age_days,staleness,240,0.03294001253046695,0.052169892705768176,0.0
housing_transfer_count_attached_canberra_age_days,staleness,240,0.03294001253046695,0.052169892705768176,0.0
housing_transfer_count_attached_darwin_age_days,staleness,240,0.03294001253046695,0.052169892705768176,0.0
housing_transfer_count_attached_hobart_age_days,staleness,240,0.03294001253046695,0.052169892705768176,0.0
housing_transfer_count_attached_melbourne_age_days,staleness,240,0.03294001253046695,0.052169892705768176,0.0
housing_transfer_count_attached_perth_age_days,staleness,240,0.03294001253046695,0.052169892705768176,0.0
housing_transfer_count_attached_sydney_age_days,staleness,240,0.03294001253046695,0.052169892705768176,0.0
agb_yield_10y_lag_6,lag,131,0.027268427930157293,0.07597715637571718,0.0
housing_median_price_house_melbourne_aud_thousand_pct_1,change,245,0.01880740077394599,0.01896828257503271,0.0
headline_cpi_index_age_days,staleness,361,-0.013656819670689676,-0.037818656146655305,0.0
trimmed_mean_index_age_days,staleness,361,-0.013656819670689676,-0.037818656146655305,0.0
weighted_median_index_age_days,staleness,361,-0.013656819670689676,-0.037818656146655305,0.0
broad_money_yoy_growth_sa,level,363,0.013524483222726997,0.09470859451591677,0.0
aud_cny_is_missing,missing_flag,364,,,0.0
aud_gbp_is_missing,missing_flag,364,,,0.0
aud_jpy_is_missing,missing_flag,364,,,0.0
aud_nzd_is_missing,missing_flag,364,,,0.0
aud_twi_is_missing,missing_flag,364,,,0.0
aud_usd_is_missing,missing_flag,364,,,0.0
bbsw_3m_is_missing,missing_flag,364,,,0.0
brent_crude_is_missing,missing_flag,364,,,0.0
building_approvals_dwellings_houses_nsa_is_missing,missing_flag,364,,,0.0
building_approvals_dwellings_other_nsa_is_missing,missing_flag,364,,,0.0
building_approvals_dwellings_total_nsa_is_missing,missing_flag,364,,,0.0
building_approvals_private_dwellings_sa_is_missing,missing_flag,364,,,0.0
building_approvals_private_dwellings_trend_is_missing,missing_flag,364,,,0.0
building_approvals_value_non_residential_aud_thousand_nsa_is_missing,missing_flag,364,,,0.0
building_approvals_value_residential_aud_thousand_nsa_is_missing,missing_flag,364,,,0.0
commodity_prices_all_aud_is_missing,missing_flag,364,,,0.0
commodity_prices_all_sdr_is_missing,missing_flag,364,,,0.0
commodity_prices_all_usd_is_missing,missing_flag,364,,,0.0
commodity_prices_base_metals_aud_is_missing,missing_flag,364,,,0.0
commodity_prices_base_metals_sdr_is_missing,missing_flag,364,,,0.0
commodity_prices_base_metals_usd_is_missing,missing_flag,364,,,0.0
commodity_prices_bulk_export_aud_is_missing,missing_flag,364,,,0.0
commodity_prices_bulk_export_sdr_is_missing,missing_flag,364,,,0.0
commodity_prices_bulk_export_usd_is_missing,missing_flag,364,,,0.0
commodity_prices_non_rural_aud_is_missing,missing_flag,364,,,0.0
commodity_prices_non_rural_sdr_is_missing,missing_flag,364,,,0.0
commodity_prices_non_rural_usd_is_missing,missing_flag,364,,,0.0
commodity_prices_rural_aud_is_missing,missing_flag,364,,,0.0
commodity_prices_rural_sdr_is_missing,missing_flag,364,,,0.0
commodity_prices_rural_usd_is_missing,missing_flag,364,,,0.0
copper_spot_is_missing,missing_flag,364,,,0.0
iron_ore_spot_is_missing,missing_flag,364,,,0.0
wti_crude_is_missing,missing_flag,364,,,0.0
xjo_is_missing,missing_flag,364,,,0.0
