reference_quarter_end,publication_date,source
2022-03-31,2022-06-14,abs_page
2022-06-30,2022-09-13,abs_page
2022-09-30,2022-12-06,abs_page
2022-12-31,2023-03-14,abs_page
2023-03-31,2023-06-13,abs_page
2023-06-30,2023-09-12,abs_page
2023-09-30,2023-12-05,abs_page
2023-12-31,2024-03-12,abs_page
2024-03-31,2024-06-11,abs_page
2024-06-30,2024-09-10,abs_page
2024-09-30,2024-12-03,abs_page
2024-12-31,2025-03-11,abs_page
2025-03-31,2025-06-10,abs_page
2025-06-30,2025-09-09,abs_page
2025-09-30,2025-12-02,abs_page
2025-12-31,2026-03-10,abs_page
2026-03-31,2026-06-09,abs_page
