reference_month_end,publication_date,source
2019-12-31,2020-02-03,abs_page
2020-01-31,2020-03-03,abs_page
2020-02-29,2020-04-01,abs_page
2020-03-31,2020-05-04,abs_page
2020-04-30,2020-06-03,abs_page
2020-05-31,2020-07-01,abs_page
2020-06-30,2020-07-30,abs_page
2020-07-31,2020-09-01,abs_page
2020-08-31,2020-09-30,abs_page
2020-09-30,2020-11-02,abs_page
2020-10-31,2020-12-01,abs_page
2020-11-30,2021-01-07,abs_page
2020-12-31,2021-02-03,abs_page
2021-01-31,2021-03-02,abs_page
2021-02-28,2021-03-31,abs_page
2021-03-31,2021-05-05,abs_page
2021-04-30,2021-06-01,abs_page
2021-05-31,2021-07-05,abs_page
2021-06-30,2021-08-03,abs_page
2021-07-31,2021-08-31,abs_page
2021-08-31,2021-09-30,abs_page
2021-09-30,2021-11-03,abs_page
2021-10-31,2021-11-30,abs_page
2021-11-30,2022-01-10,abs_page
2021-12-31,2022-02-03,abs_page
2022-01-31,2022-03-03,abs_page
2022-02-28,2022-03-31,abs_page
2022-03-31,2022-05-05,abs_page
2022-04-30,2022-05-31,abs_page
2022-05-31,2022-07-04,abs_page
2022-06-30,2022-08-02,abs_page
2022-07-31,2022-08-30,abs_page
2022-08-31,2022-10-04,abs_page
2022-09-30,2022-11-02,abs_page
2022-10-31,2022-11-30,abs_page
2022-11-30,2023-01-09,abs_page
2022-12-31,2023-02-02,abs_page
2023-01-31,2023-03-02,abs_page
2023-02-28,2023-04-03,abs_page
2023-03-31,2023-05-08,abs_page
2023-04-30,2023-05-30,abs_page
2023-05-31,2023-07-03,abs_page
2023-06-30,2023-08-01,abs_page
2023-07-31,2023-08-30,abs_page
2023-08-31,2023-10-03,abs_page
2023-09-30,2023-11-01,abs_page
2023-10-31,2023-11-30,abs_page
2023-11-30,2024-01-09,abs_page
2023-12-31,2024-02-01,abs_page
2024-01-31,2024-03-04,abs_page
2024-02-29,2024-04-04,abs_page
2024-03-31,2024-05-02,abs_page
2024-04-30,2024-05-30,abs_page
2024-05-31,2024-07-03,abs_page
2024-06-30,2024-07-30,abs_page
2024-07-31,2024-09-02,abs_page
2024-08-31,2024-10-01,abs_page
2024-09-30,2024-10-31,abs_page
2024-10-31,2024-12-02,abs_page
2024-11-30,2025-01-07,abs_page
2024-12-31,2025-02-03,abs_page
2025-01-31,2025-03-06,abs_page
2025-02-28,2025-04-02,abs_page
2025-03-31,2025-05-06,abs_page
2025-04-30,2025-05-30,abs_page
2025-05-31,2025-07-02,abs_page
2025-06-30,2025-07-31,abs_page
2025-07-31,2025-09-01,abs_page
2025-08-31,2025-09-30,abs_page
2025-09-30,2025-11-03,abs_page
2025-10-31,2025-12-02,abs_page
2025-11-30,2026-01-07,abs_page
2025-12-31,2026-02-03,abs_page
2026-01-31,2026-03-03,abs_page
2026-02-28,2026-04-01,abs_page
2026-03-31,2026-05-04,abs_page
2026-04-30,2026-06-02,abs_page
2026-05-31,2026-07-01,abs_page
