reference_quarter_end,publication_date
1993-03-31,1993-06-01
1993-06-30,1993-08-06
1993-09-30,1993-12-01
1993-12-31,1994-03-16
1994-03-31,1994-06-01
1994-06-30,1994-08-31
1994-09-30,1994-11-30
1994-12-31,1995-03-31
1995-03-31,1995-05-31
1995-06-30,1995-08-30
1995-09-30,1995-11-29
1995-12-31,1996-03-20
1996-03-31,1996-05-29
1996-06-30,1996-08-20
1996-09-30,1996-12-04
1996-12-31,1997-03-05
1997-03-31,1997-06-04
1997-06-30,1997-09-03
1997-09-30,1997-12-03
1997-12-31,1998-03-04
1998-03-31,1998-06-03
1998-06-30,1998-09-02
1998-09-30,1998-12-02
1998-12-31,1999-03-03
1999-03-31,1999-06-02
1999-06-30,1999-09-03
1999-09-30,1999-12-15
1999-12-31,2000-03-15
2000-03-31,2000-06-14
2000-06-30,2000-09-13
2000-09-30,2000-12-13
2000-12-31,2001-03-07
2001-03-31,2001-06-06
2001-06-30,2001-09-12
2001-09-30,2001-12-05
2001-12-31,2002-03-07
2002-03-31,2002-06-05
2002-06-30,2002-09-03
2002-09-30,2002-12-04
2002-12-31,2003-03-05
2003-03-31,2003-06-04
2003-06-30,2003-09-02
2003-09-30,2003-12-03
2003-12-31,2004-03-03
2004-03-31,2004-06-02
2004-06-30,2004-09-01
2004-09-30,2004-12-01
2004-12-31,2005-03-02
2005-03-31,2005-06-01
2005-06-30,2005-09-07
2005-09-30,2005-12-07
2005-12-31,2006-03-01
2006-03-31,2006-06-07
2006-06-30,2006-09-06
2006-09-30,2006-12-06
2006-12-31,2007-03-07
2007-03-31,2007-06-06
2007-06-30,2007-09-04
2007-09-30,2007-12-05
2007-12-31,2008-03-05
2008-03-31,2008-06-04
2008-06-30,2008-09-03
2008-09-30,2008-12-03
2008-12-31,2009-03-04
2009-03-31,2009-06-03
2009-06-30,2009-09-02
2009-09-30,2009-12-16
2009-12-31,2010-03-03
2010-03-31,2010-06-02
2010-06-30,2010-09-01
2010-09-30,2010-12-01
2010-12-31,2011-03-02
2011-03-31,2011-06-01
2011-06-30,2011-09-07
2011-09-30,2011-12-07
2011-12-31,2012-03-07
2012-03-31,2012-06-06
2012-06-30,2012-09-05
2012-09-30,2012-12-05
2012-12-31,2013-03-06
2013-03-31,2013-06-05
2013-06-30,2013-09-04
2013-09-30,2013-12-04
2013-12-31,2014-03-05
2014-03-31,2014-06-04
2014-06-30,2014-09-03
2014-09-30,2014-12-03
2014-12-31,2015-03-04
2015-03-31,2015-06-03
2015-06-30,2015-09-02
2015-09-30,2015-12-02
2015-12-31,2016-03-02
2016-03-31,2016-06-01
2016-06-30,2016-09-07
2016-09-30,2016-12-07
2016-12-31,2017-03-01
2017-03-31,2017-06-07
2017-06-30,2017-09-06
2017-09-30,2017-12-06
2017-12-31,2018-03-07
2018-03-31,2018-06-06
2018-06-30,2018-09-05
2018-09-30,2018-12-05
2018-12-31,2019-03-06
2019-03-31,2019-06-05
2019-06-30,2019-09-04
2019-09-30,2019-12-04
2019-12-31,2020-03-04
2020-03-31,2020-06-03
2020-06-30,2020-09-02
2020-09-30,2020-12-02
2020-12-31,2021-03-03
2021-03-31,2021-06-02
2021-06-30,2021-09-01
2021-09-30,2021-12-01
2021-12-31,2022-03-02
2022-03-31,2022-06-01
2022-06-30,2022-09-07
2022-09-30,2022-12-07
2022-12-31,2023-03-01
2023-03-31,2023-06-07
2023-06-30,2023-09-06
2023-09-30,2023-12-06
2023-12-31,2024-03-06
2024-03-31,2024-06-05
2024-06-30,2024-09-04
2024-09-30,2024-12-04
2024-12-31,2025-03-05
2025-03-31,2025-06-04
2025-06-30,2025-09-03
2025-09-30,2025-12-03
2025-12-31,2026-03-04
2026-03-31,2026-06-03
